{"train_loss": [2.4794571722143193, 2.274571930164355, 2.023327806843905, 1.8389506132408762, 1.6740100708494536, 1.5072389412534675, 1.3409402495175837, 1.200302453208388, 1.0893449625520235, 0.9703452442251324, 0.8680732219603263, 0.7665514931154023, 0.657668676996155, 0.6152391910743105, 0.5350773818565138, 0.47075268957983746, 0.4402835535090506, 0.4078679496971994, 0.347536907793042, 0.35709496808774543], "train_acc": [0.18149920255183413, 0.2733652312599681, 0.3601275917065391, 0.41690590111642745, 0.45550239234449763, 0.532695374800638, 0.5668261562998405, 0.6137161084529505, 0.6401913875598086, 0.6912280701754386, 0.7199362041467304, 0.7559808612440191, 0.7881977671451356, 0.7961722488038278, 0.8226475279106858, 0.8379585326953748, 0.8545454545454545, 0.8676236044657097, 0.8883572567783095, 0.8816586921850079], "val_loss": [2.411006802604312, 2.0460676579248336, 1.8342769429797219, 1.5943979138419742, 1.3769297315960838, 1.1483692867415292, 1.1309906528109597, 0.916448848588126, 0.8263877630233765, 0.7629133207457406, 0.7338586733454749, 0.6757208009560903, 0.5610674868027369, 0.495242416149094, 0.4971160093943278, 0.5184300357387179, 0.44431059310833615, 0.45819011614436195, 0.3787436769122169, 0.4058120646292255], "val_acc": [0.1949404761904762, 0.33779761904761907, 0.38839285714285715, 0.4851190476190476, 0.5758928571428571, 0.6413690476190477, 0.6294642857142857, 0.7157738095238095, 0.7395833333333334, 0.7708333333333334, 0.7797619047619048, 0.7901785714285714, 0.8467261904761905, 0.8616071428571429, 0.8586309523809523, 0.8571428571428571, 0.8735119047619048, 0.8764880952380952, 0.8883928571428571, 0.8988095238095238], "lr": [5e-05, 5e-05, 5e-05, 5e-05, 5e-05, 5e-05, 5e-05, 5e-05, 5e-05, 5e-05, 5e-05, 5e-05, 5e-05, 5e-05, 5e-05, 5e-05, 5e-05, 5e-05, 5e-05, 5e-05]}