{"train_loss": [2.472800482213022, 2.2731641722257816, 2.054607188606566, 1.8431727578195087, 1.6342594661210712, 1.5012434714908995, 1.3092040057007395, 1.1424020927298393, 1.0034879386900335, 0.923237236055651, 0.8063151822706158, 0.7115348606018358, 0.6340112146768464, 0.5925783700539925, 0.5625385585964392, 0.47850646749257664, 0.40997732465632225, 0.38072283796526407, 0.3683593833655642, 0.31218254007220836], "train_acc": [0.19074960127591706, 0.2551834130781499, 0.3333333333333333, 0.40382775119617226, 0.47081339712918663, 0.5228070175438596, 0.5824561403508772, 0.6338118022328548, 0.6759170653907496, 0.6992025518341308, 0.732695374800638, 0.7649122807017544, 0.7891547049441786, 0.8095693779904306, 0.825518341307815, 0.8484848484848485, 0.8548644338118022, 0.8797448165869218, 0.8813397129186603, 0.8982456140350877], "val_loss": [2.372393188022432, 2.1017070441018966, 1.793605089187622, 1.5452118146987188, 1.4186061847777593, 1.261754768235343, 1.1394628428277516, 0.9175699807348705, 0.7556701586360023, 0.7026441863604954, 0.6921064725943974, 0.6773776752608163, 0.5995312872387114, 0.590749149521192, 0.523522389786584, 0.44904594194321407, 0.4360135133777346, 0.4405037154044424, 0.4559978936754522, 0.35773092171265963], "val_acc": [0.15625, 0.2663690476190476, 0.43154761904761907, 0.49404761904761907, 0.5416666666666666, 0.5833333333333334, 0.6488095238095238, 0.7023809523809523, 0.7693452380952381, 0.7767857142857143, 0.7797619047619048, 0.8139880952380952, 0.8288690476190477, 0.8244047619047619, 0.8497023809523809, 0.8720238095238095, 0.8660714285714286, 0.8824404761904762, 0.8735119047619048, 0.9032738095238095], "lr": [0.0001, 0.0001, 0.0001, 0.0001, 0.0001, 0.0001, 0.0001, 0.0001, 0.0001, 0.0001, 0.0001, 0.0001, 0.0001, 0.0001, 0.0001, 0.0001, 0.0001, 0.0001, 0.0001, 0.0001]}