{
  "no": {
    "precision": 0.8553719008264463,
    "recall": 0.92,
    "f1-score": 0.8865096359743041,
    "support": 225.0
  },
  "yes": {
    "precision": 0.9134615384615384,
    "recall": 0.8444444444444444,
    "f1-score": 0.8775981524249422,
    "support": 225.0
  },
  "accuracy": 0.8822222222222222,
  "macro avg": {
    "precision": 0.8844167196439924,
    "recall": 0.8822222222222222,
    "f1-score": 0.8820538941996232,
    "support": 450.0
  },
  "weighted avg": {
    "precision": 0.8844167196439925,
    "recall": 0.8822222222222222,
    "f1-score": 0.8820538941996231,
    "support": 450.0
  }
}