{"train_loss": [18.53874498128891, 0.6939917803945995, 0.6930797614370073, 0.6934774909700666, 0.693372959863572, 0.6938946734155927, 0.6932482836360023, 0.6932873368263245, 0.6932526447659447, 0.6933222727548508, 0.6931108811923435, 0.6931790706089564, 0.693319727125622, 0.6932613673664275, 0.6931320809182666, 0.6930957954270499, 0.6932047439756848, 0.6931999054409209, 0.6931635722659883, 0.6931413844653538], "train_acc": [0.5095238095238095, 0.4957142857142857, 0.5152380952380953, 0.49714285714285716, 0.5028571428571429, 0.4880952380952381, 0.49523809523809526, 0.4976190476190476, 0.48904761904761906, 0.48714285714285716, 0.49952380952380954, 0.4938095238095238, 0.48428571428571426, 0.49666666666666665, 0.4990476190476191, 0.5071428571428571, 0.48238095238095235, 0.4980952380952381, 0.5019047619047619, 0.49666666666666665], "val_loss": [0.6932512246237861, 0.6931482288572524, 0.6932418860329522, 0.6931522234280905, 0.6931744225819906, 0.6931626025835673, 0.6931520875295003, 0.6931550847159491, 0.6931515041987101, 0.6931475263171726, 0.6931470510694716, 0.6931476505597433, 0.6931475178400676, 0.6931473906834921, 0.6931470852428012, 0.6931473011440701, 0.693147586716546, 0.6931468857659234, 0.6931470595465766, 0.6931470765007867], "val_acc": [0.5, 0.5, 0.5, 0.5, 0.5, 0.5, 0.5, 0.5, 0.5, 0.5, 0.5, 0.5, 0.5, 0.5, 0.5, 0.5, 0.5, 0.5, 0.5, 0.5], "lr": [0.001, 0.001, 0.001, 0.001, 0.001, 0.001, 0.0005, 0.0005, 0.0005, 0.0005, 0.00025, 0.00025, 0.00025, 0.00025, 0.000125, 0.000125, 0.000125, 0.000125, 6.25e-05, 6.25e-05]}