{"train_loss": [6.150951042515891, 0.6988525878815424, 0.6934239305768695, 0.6936181700797308, 0.6822466300782704, 0.6930849813279651, 0.6130370051520211, 0.5425001549720764, 0.5320636733373006, 0.49340261039279754, 0.44852439959843954, 0.42989164704368227, 0.4063258125100817, 0.3866732974279494, 0.3415596348898751, 0.339224701722463, 0.3056857417310987, 0.34330752389771596, 0.3054358036177499, 0.2834144039948781], "train_acc": [0.5109523809523809, 0.5466666666666666, 0.539047619047619, 0.5066666666666667, 0.5676190476190476, 0.5114285714285715, 0.6971428571428572, 0.7328571428571429, 0.7352380952380952, 0.7695238095238095, 0.8038095238095239, 0.8085714285714286, 0.8247619047619048, 0.8266666666666667, 0.8552380952380952, 0.8561904761904762, 0.8714285714285714, 0.8595238095238096, 0.8766666666666667, 0.8776190476190476], "val_loss": [0.6712500937779744, 0.6588369793362088, 0.6931168031692505, 0.6921992670165168, 0.6910529785686069, 0.6901258746782939, 0.531664084593455, 0.5284202104144626, 0.509058649275038, 0.46144274128807916, 0.4596101909213596, 0.431361819240782, 0.412689716551039, 0.37689072847366334, 0.32212449179755315, 0.30711156474219425, 0.34217852195103965, 0.25542750557263694, 0.2498909099896749, 0.2701587941911485], "val_acc": [0.6511111111111111, 0.5266666666666666, 0.5, 0.5, 0.5888888888888889, 0.7044444444444444, 0.74, 0.74, 0.7488888888888889, 0.7911111111111111, 0.8288888888888889, 0.8133333333333334, 0.8311111111111111, 0.8666666666666667, 0.8644444444444445, 0.8733333333333333, 0.8844444444444445, 0.8911111111111111, 0.9111111111111111, 0.8955555555555555], "lr": [0.001, 0.001, 0.001, 0.001, 0.001, 0.001, 0.0005, 0.0005, 0.0005, 0.0005, 0.0005, 0.0005, 0.0005, 0.0005, 0.0005, 0.0005, 0.0005, 0.0005, 0.0005, 0.0005]}