{"train_loss": [0.3963921112050071, 0.22983467835929938, 0.19815664799646016, 0.1585301053630714, 0.145943907952653, 0.1097045953137735, 0.13841437041589746, 0.10936166587959371, 0.059788581839420867, 0.03710346364175963, 0.0414282384160315, 0.041421905105389456, 0.03906397609058328, 0.03564351121203533, 0.019586896611357894, 0.012651886621340836, 0.009900506607717565, 0.013847370484271341, 0.007650589039382518, 0.006426420945509741], "train_acc": [0.8565907241659886, 0.9168022782750204, 0.927379983726607, 0.942839707078926, 0.9471114727420668, 0.9589096826688365, 0.951586655817738, 0.9637917005695688, 0.9786411716842962, 0.9890154597233524, 0.9843368592351506, 0.9845402766476811, 0.985353946297803, 0.9863710333604556, 0.9938974776240846, 0.9967453213995118, 0.9969487388120423, 0.9965419039869813, 0.9973555736371034, 0.9981692432872253], "val_loss": [0.24969442341572198, 0.25037438416073465, 0.5222407096584751, 0.13668959931685373, 0.15239775447565831, 0.19967780342893382, 0.17525770636195812, 0.13816683212293407, 0.05377231152676902, 0.026696451313011807, 0.058136082610782285, 0.05529011070068505, 0.14767878078780397, 0.053814242384993494, 0.03675926450675562, 0.038064570953217775, 0.03369500948198437, 0.033362295904802865, 0.03214112991577232, 0.033596898464611814], "val_acc": [0.9287749287749287, 0.9069325735992403, 0.842355175688509, 0.9515669515669516, 0.9430199430199431, 0.932573599240266, 0.9401709401709402, 0.949667616334283, 0.9829059829059829, 0.9876543209876543, 0.9791073124406457, 0.9781576448243114, 0.949667616334283, 0.9829059829059829, 0.9867046533713201, 0.9886039886039886, 0.9905033238366572, 0.9895536562203229, 0.9924026590693258, 0.9895536562203229], "lr": [0.001, 0.001, 0.001, 0.001, 0.001, 0.001, 0.001, 0.001, 0.0005, 0.0005, 0.0005, 0.0005, 0.0005, 0.0005, 0.00025, 0.00025, 0.00025, 0.00025, 0.000125, 0.000125]}