{"train_loss": [2.466382028193375, 2.2327372160064356, 2.0455524562838736, 1.8272797219110637, 1.623351402678178, 1.4577875441911687, 1.3145977412684682, 1.1662002850187263, 1.0233416968745668, 0.9267409494809177, 0.8481708872451357, 0.764189122168071, 0.6570044422834114, 0.5991139791228555, 0.5365714424344722, 0.5072799688511108, 0.4489744349149616, 0.41910792506482614, 0.3736822872736047, 0.320741259747525], "train_acc": [0.1926634768740032, 0.2647527910685805, 0.3342902711323764, 0.41403508771929826, 0.47878787878787876, 0.5422647527910686, 0.5741626794258373, 0.624561403508772, 0.6845295055821372, 0.7074960127591706, 0.7231259968102073, 0.7454545454545455, 0.7878787878787878, 0.8095693779904306, 0.8299840510366826, 0.8395534290271133, 0.8488038277511962, 0.8641148325358852, 0.8740031897926634, 0.8944178628389154], "val_loss": [2.3499584652128673, 2.0338651850110008, 1.7970773151942663, 1.5355773993900843, 1.4140072947456723, 1.228700143950326, 1.07890769697371, 0.9117551162129357, 0.8849808928512392, 0.7358560420217968, 0.7739177559103284, 0.621857606229328, 0.5452295676583335, 0.42820756137371063, 0.5373206039269766, 0.4348790255330858, 0.43010349358831135, 0.4021286538669041, 0.3149269677343823, 0.3457708839504492], "val_acc": [0.24553571428571427, 0.31398809523809523, 0.40625, 0.5014880952380952, 0.5639880952380952, 0.6011904761904762, 0.6815476190476191, 0.7038690476190477, 0.6904761904761905, 0.7663690476190477, 0.7723214285714286, 0.8035714285714286, 0.8229166666666666, 0.8616071428571429, 0.8392857142857143, 0.8705357142857143, 0.8675595238095238, 0.8824404761904762, 0.9122023809523809, 0.9002976190476191], "lr": [0.0001, 0.0001, 0.0001, 0.0001, 0.0001, 0.0001, 0.0001, 0.0001, 0.0001, 0.0001, 0.0001, 0.0001, 0.0001, 0.0001, 0.0001, 0.0001, 0.0001, 0.0001, 0.0001, 0.0001]}