{
  "Astrocitoma": {
    "precision": 0.723404255319149,
    "recall": 0.7816091954022989,
    "f1-score": 0.7513812154696132,
    "support": 87.0
  },
  "Carcinoma": {
    "precision": 0.7631578947368421,
    "recall": 0.7837837837837838,
    "f1-score": 0.7733333333333333,
    "support": 37.0
  },
  "Ependimoma": {
    "precision": 0.8636363636363636,
    "recall": 0.8636363636363636,
    "f1-score": 0.8636363636363636,
    "support": 22.0
  },
  "Ganglioglioma": {
    "precision": 0.35,
    "recall": 0.7777777777777778,
    "f1-score": 0.4827586206896552,
    "support": 9.0
  },
  "Germinoma": {
    "precision": 0.38461538461538464,
    "recall": 1.0,
    "f1-score": 0.5555555555555556,
    "support": 15.0
  },
  "Glioblastoma": {
    "precision": 0.9047619047619048,
    "recall": 0.6129032258064516,
    "f1-score": 0.7307692307692307,
    "support": 31.0
  },
  "Granuloma": {
    "precision": 0.6875,
    "recall": 0.9166666666666666,
    "f1-score": 0.7857142857142857,
    "support": 12.0
  },
  "Meduloblastoma": {
    "precision": 0.8125,
    "recall": 0.65,
    "f1-score": 0.7222222222222222,
    "support": 20.0
  },
  "Meningioma": {
    "precision": 0.8688524590163934,
    "recall": 0.8091603053435115,
    "f1-score": 0.8379446640316206,
    "support": 131.0
  },
  "Neurocitoma": {
    "precision": 0.9180327868852459,
    "recall": 0.8115942028985508,
    "f1-score": 0.8615384615384616,
    "support": 69.0
  },
  "Oligodendroglioma": {
    "precision": 0.7647058823529411,
    "recall": 0.7878787878787878,
    "f1-score": 0.7761194029850746,
    "support": 33.0
  },
  "Papiloma": {
    "precision": 0.84375,
    "recall": 0.75,
    "f1-score": 0.7941176470588235,
    "support": 36.0
  },
  "Schwannoma": {
    "precision": 0.8055555555555556,
    "recall": 0.8285714285714286,
    "f1-score": 0.8169014084507042,
    "support": 70.0
  },
  "Tuberculoma": {
    "precision": 0.8333333333333334,
    "recall": 0.6818181818181818,
    "f1-score": 0.75,
    "support": 22.0
  },
  "_NORMAL": {
    "precision": 0.8955223880597015,
    "recall": 0.7692307692307693,
    "f1-score": 0.8275862068965517,
    "support": 78.0
  },
  "accuracy": 0.7872023809523809,
  "macro avg": {
    "precision": 0.7612885472181876,
    "recall": 0.7883087125876381,
    "f1-score": 0.755305241223433,
    "support": 672.0
  },
  "weighted avg": {
    "precision": 0.8169450285262417,
    "recall": 0.7872023809523809,
    "f1-score": 0.7944053946160617,
    "support": 672.0
  }
}