{"train_loss": [2.231999678056586, 1.9349420686657919, 1.7645767450332641, 1.580544628747152, 1.4426601918690514, 1.3125441125705481, 1.258065577214985, 1.1299221994203814, 1.0347701475000457, 1.0037881765639383, 0.9430407659669052, 0.8321538496625861, 0.7616961902693699, 0.7396668952998172, 0.6713315011972065, 0.6333931721948931, 0.5771589502003014, 0.5387385177270078, 0.49216934273307594, 0.45475870178837147], "train_acc": [0.29059011164274323, 0.3843700159489633, 0.43444976076555025, 0.4966507177033493, 0.5444976076555024, 0.5779904306220096, 0.5933014354066986, 0.6437001594896332, 0.6695374800637959, 0.6842105263157895, 0.6854864433811803, 0.7215311004784689, 0.7521531100478469, 0.7594896331738437, 0.7827751196172249, 0.7904306220095694, 0.8159489633173844, 0.8200956937799043, 0.836682615629984, 0.8519936204146731], "val_loss": [2.0758696851276217, 2.144279951140994, 2.093328657604399, 1.4320111274719238, 1.3153067259561448, 5.114469210306804, 1.6105836232503254, 1.0548235830806552, 1.0699822959445773, 1.082301826704116, 1.0991141710962569, 0.9846218781811851, 0.842040784302212, 0.9378787591343835, 1.2495200477895283, 0.7305293196723575, 0.7059203102475121, 0.6784180303414663, 0.6107206472328731, 0.8343325200535002], "val_acc": [0.33779761904761907, 0.3020833333333333, 0.375, 0.5818452380952381, 0.5565476190476191, 0.27976190476190477, 0.5267857142857143, 0.6711309523809523, 0.6622023809523809, 0.6785714285714286, 0.6741071428571429, 0.6889880952380952, 0.7247023809523809, 0.6964285714285714, 0.6041666666666666, 0.7604166666666666, 0.7827380952380952, 0.7886904761904762, 0.7916666666666666, 0.7485119047619048], "lr": [0.001, 0.001, 0.001, 0.001, 0.001, 0.001, 0.001, 0.001, 0.001, 0.001, 0.001, 0.001, 0.001, 0.001, 0.001, 0.001, 0.001, 0.001, 0.001, 0.001]}