{"train_loss": [2.3362273502197755, 2.01291469170146, 1.8488361891376914, 1.689272452199288, 1.6012198123825414, 1.4775504674257465, 1.3723963847761138, 1.2689115842943937, 1.1919734222847118, 1.0894128673574761, 1.0204220141330214, 0.9762346605745039, 0.8870495276968254, 0.8608113254466505, 0.7750444297965444, 0.7489187074620187, 0.6607026665784905, 0.5824061038961821, 0.6263709254432143, 0.5329791342242483], "train_acc": [0.2405103668261563, 0.34258373205741627, 0.41626794258373206, 0.4653907496012759, 0.4902711323763955, 0.5157894736842106, 0.5610845295055822, 0.5926634768740032, 0.6108452950558214, 0.6491228070175439, 0.6657097288676236, 0.6854864433811803, 0.7110047846889952, 0.7247208931419458, 0.748006379585327, 0.7476874003189793, 0.779585326953748, 0.8035087719298246, 0.7961722488038278, 0.8213716108452951], "val_loss": [2.8143813723609563, 1.9722041005179995, 1.8653261377697898, 1.6042031787690663, 1.7761885836010887, 1.3123122198241097, 1.3573020952088493, 1.379361005056472, 1.2596859307516188, 1.0502241480918157, 1.0323150697208585, 1.0215013126532237, 0.8374306559562683, 0.835650038151514, 0.7738827694030035, 0.7228368676844097, 0.7181729319549742, 0.6800552024727776, 0.7226464272964568, 0.6700067349842617], "val_acc": [0.21726190476190477, 0.43601190476190477, 0.42410714285714285, 0.4880952380952381, 0.44642857142857145, 0.5669642857142857, 0.5729166666666666, 0.5714285714285714, 0.6116071428571429, 0.6860119047619048, 0.6770833333333334, 0.6622023809523809, 0.7098214285714286, 0.7485119047619048, 0.7559523809523809, 0.78125, 0.7738095238095238, 0.7872023809523809, 0.7678571428571429, 0.7872023809523809], "lr": [0.001, 0.001, 0.001, 0.001, 0.001, 0.001, 0.001, 0.001, 0.001, 0.001, 0.001, 0.001, 0.001, 0.001, 0.001, 0.001, 0.001, 0.001, 0.001, 0.001]}