{"train_loss": [2.5001832147534384, 2.3189969964765096, 2.10294608651546, 1.9060711693345456, 1.688949271290306, 1.52698452632393, 1.335026860427248, 1.2013318670233282, 1.0665603460117201, 0.9477878329476291, 0.8570303255291076, 0.7432940200185091, 0.685955686555905, 0.6392921078528324, 0.5781035162995687, 0.5258583643980194, 0.48595262767785663, 0.4201955747566345, 0.352906325597322, 0.3606005947365525], "train_acc": [0.19106858054226475, 0.24688995215311005, 0.3116427432216906, 0.3786283891547049, 0.4558213716108453, 0.5094098883572568, 0.5840510366826156, 0.6114832535885167, 0.6577352472089314, 0.6944178628389155, 0.7202551834130781, 0.7572567783094099, 0.7728867623604466, 0.7840510366826157, 0.8133971291866029, 0.825518341307815, 0.8475279106858055, 0.8676236044657097, 0.8886762360446571, 0.8889952153110048], "val_loss": [2.4148187977927074, 2.1786071260770163, 1.9787283000491915, 1.6482265364556086, 1.4917868758950914, 1.2091837426026661, 1.1434121699560256, 0.9995591363736561, 0.86995972267219, 0.7656045002596719, 0.7060952881971995, 0.7073686552189645, 0.5593949820668924, 0.5464408172383195, 0.4986606988878477, 0.4604236013477757, 0.4780839009299165, 0.434110293785731, 0.5226826235829365, 0.36164652689227034], "val_acc": [0.1949404761904762, 0.3125, 0.3273809523809524, 0.47023809523809523, 0.5133928571428571, 0.6145833333333334, 0.6622023809523809, 0.6726190476190477, 0.7306547619047619, 0.7604166666666666, 0.7857142857142857, 0.7797619047619048, 0.8110119047619048, 0.8244047619047619, 0.8363095238095238, 0.8645833333333334, 0.8630952380952381, 0.8735119047619048, 0.8556547619047619, 0.8958333333333334], "lr": [0.0001, 0.0001, 0.0001, 0.0001, 0.0001, 0.0001, 0.0001, 0.0001, 0.0001, 0.0001, 0.0001, 0.0001, 0.0001, 0.0001, 0.0001, 0.0001, 0.0001, 0.0001, 0.0001, 0.0001]}