{"train_loss": [2.4830052779622056, 2.3726326833691513, 2.134053885461421, 1.9752974185076626, 1.7687704251333478, 1.6278088186726425, 1.4675966864377499, 1.3570339324561793, 1.1889396586486598, 1.116235531840408, 0.9589322319441435, 0.8777777819542223, 0.7953762375376822, 0.7068121892983834, 0.6367094958132724, 0.5961953294714482, 0.5033185075724904, 0.4858766650469109, 0.4486580146937089, 0.39610633857702715], "train_acc": [0.18532695374800637, 0.23859649122807017, 0.3078149920255183, 0.3543859649122807, 0.4303030303030303, 0.4810207336523126, 0.5298245614035088, 0.5607655502392345, 0.6216905901116427, 0.6389154704944179, 0.6877192982456141, 0.7097288676236044, 0.7416267942583732, 0.7649122807017544, 0.7923444976076555, 0.8066985645933015, 0.836682615629984, 0.8440191387559809, 0.8414673046251994, 0.8727272727272727], "val_loss": [2.431108213606335, 2.1741471744719005, 1.9466124716259183, 1.677427019391741, 1.5317310094833374, 1.3338967334656489, 1.2540537175678073, 1.0610481046494984, 0.9556622278122675, 0.8743805771782285, 0.7878798899196443, 0.7467172685123625, 0.7085919153122675, 0.6490313722973778, 0.522986766837892, 0.4923670930521829, 0.4472484517665136, 0.48678518476940336, 0.47096041980243863, 0.4387655882608323], "val_acc": [0.20535714285714285, 0.32589285714285715, 0.34672619047619047, 0.45089285714285715, 0.49851190476190477, 0.5892857142857143, 0.6279761904761905, 0.6711309523809523, 0.6889880952380952, 0.7157738095238095, 0.7485119047619048, 0.7782738095238095, 0.7857142857142857, 0.8095238095238095, 0.8377976190476191, 0.8601190476190477, 0.8601190476190477, 0.84375, 0.8735119047619048, 0.8928571428571429], "lr": [0.0001, 0.0001, 0.0001, 0.0001, 0.0001, 0.0001, 0.0001, 0.0001, 0.0001, 0.0001, 0.0001, 0.0001, 0.0001, 0.0001, 0.0001, 0.0001, 0.0001, 0.0001, 0.0001, 0.0001]}