{"train_loss": [2.5651476491961565, 2.4521350971629556, 2.25991956134352, 2.0776528520066964, 1.931412884417143, 1.8253470847481175, 1.72541471318575, 1.568968815818738, 1.452427737108258, 1.354566707223226, 1.208010280759711, 1.1149008663077102, 1.0386433156673607, 0.9403073598323256, 0.9129379212000723, 0.7890705760966458, 0.7857094649682965, 0.6865704317032055, 0.642284052309237, 0.6018047399117806], "train_acc": [0.18086124401913875, 0.1974481658692185, 0.2606060606060606, 0.31738437001594894, 0.37543859649122807, 0.39585326953748007, 0.44242424242424244, 0.48771929824561405, 0.5272727272727272, 0.55311004784689, 0.6149920255183413, 0.6347687400318979, 0.6577352472089314, 0.6972886762360446, 0.7036682615629984, 0.7476874003189793, 0.7403508771929824, 0.7677830940988836, 0.7907496012759171, 0.7952153110047847], "val_loss": [2.447866065161569, 2.3610256172361828, 2.1043480918520974, 1.9336185682387579, 1.8655821084976196, 1.628623127937317, 1.583843157404945, 1.382562790598188, 1.289672749383109, 1.1518975865273249, 1.0771409840810866, 0.9316695687316713, 0.9208309096949441, 0.7797193385305858, 0.7404176081929889, 0.7048878272374471, 0.6847205474263146, 0.573056018778256, 0.5332255881457102, 0.5617442230383555], "val_acc": [0.1949404761904762, 0.20089285714285715, 0.28273809523809523, 0.34077380952380953, 0.37797619047619047, 0.46279761904761907, 0.47470238095238093, 0.5669642857142857, 0.6101190476190477, 0.6443452380952381, 0.6607142857142857, 0.6949404761904762, 0.6964285714285714, 0.7336309523809523, 0.7708333333333334, 0.7842261904761905, 0.7782738095238095, 0.8318452380952381, 0.8541666666666666, 0.8184523809523809], "lr": [0.0003, 0.0003, 0.0003, 0.0003, 0.0003, 0.0003, 0.0003, 0.0003, 0.0003, 0.0003, 0.0003, 0.0003, 0.0003, 0.0003, 0.0003, 0.0003, 0.0003, 0.0003, 0.0003, 0.0003]}