{"train_loss": [2.501494291296416, 2.3743542719115482, 2.128946711267961, 1.9570210859535984, 1.7514106662269604, 1.6083037744488633, 1.5017780603214124, 1.2877098400627027, 1.152842144228435, 1.0357583552266232, 0.9735700308991391, 0.8144155405925222, 0.7705137516322889, 0.7034577770856769, 0.654775083388248, 0.5489809204136545, 0.49702497884227137, 0.44778933291229905, 0.41125324338056635, 0.3525220478360543], "train_acc": [0.18054226475279106, 0.22392344497607655, 0.312280701754386, 0.3696969696969697, 0.44146730462519934, 0.49059011164274324, 0.5167464114832536, 0.6003189792663477, 0.6312599681020734, 0.6564593301435406, 0.686762360446571, 0.7374800637958533, 0.7521531100478469, 0.7655502392344498, 0.79585326953748, 0.8229665071770335, 0.8417862838915471, 0.8507177033492823, 0.8650717703349282, 0.8848484848484849], "val_loss": [2.432473795754569, 2.18390501113165, 1.9659879434676397, 1.711587701525007, 1.3825061661856515, 1.480456760951451, 1.2288060245059786, 0.9999796776544481, 0.889398421560015, 0.8226705903098697, 0.7511924647149586, 0.6802658353533063, 0.6662450290861583, 0.6734522240502494, 0.5693441203662327, 0.42851304582187105, 0.520161889848255, 0.4282129151480539, 0.3310521621079672, 0.33465159507024855], "val_acc": [0.1949404761904762, 0.2857142857142857, 0.31101190476190477, 0.4375, 0.5952380952380952, 0.5014880952380952, 0.6309523809523809, 0.6934523809523809, 0.7306547619047619, 0.7485119047619048, 0.7693452380952381, 0.7946428571428571, 0.8080357142857143, 0.8095238095238095, 0.8333333333333334, 0.8690476190476191, 0.8526785714285714, 0.8898809523809523, 0.9002976190476191, 0.9077380952380952], "lr": [0.0001, 0.0001, 0.0001, 0.0001, 0.0001, 0.0001, 0.0001, 0.0001, 0.0001, 0.0001, 0.0001, 0.0001, 0.0001, 0.0001, 0.0001, 0.0001, 0.0001, 0.0001, 0.0001, 0.0001]}