{"train_loss": [2.479262024287782, 2.3990462691019596, 2.253547234512402, 2.0764640575390683, 1.9656949009051163, 1.8965396250263926, 1.8010425228821605, 1.7083042757743092, 1.6159466660954356, 1.5609205707218468, 1.4838813607582446, 1.4067301044053437, 1.3640109158779066, 1.3000512593480769, 1.264388036803956, 1.1905428659402582, 1.132221710815004, 1.089447133849112, 1.042278329778516, 0.9935455069017182], "train_acc": [0.18947368421052632, 0.21626794258373205, 0.2886762360446571, 0.34322169059011165, 0.3799043062200957, 0.3990430622009569, 0.42488038277511964, 0.45614035087719296, 0.4778309409888357, 0.5059011164274322, 0.5237639553429028, 0.5432216905901116, 0.5614035087719298, 0.5722488038277512, 0.5971291866028708, 0.6146730462519936, 0.6334928229665072, 0.6446570972886763, 0.6551834130781499, 0.676555023923445], "val_loss": [2.422699871517363, 2.2727487881978354, 2.0301091103326705, 1.8731599024363927, 1.7065458695093791, 1.5868169239589147, 1.494304236911592, 1.4058405387969244, 1.2936182816823323, 1.2147407020841325, 1.1302083759080797, 1.1093327204386394, 1.0268107794580006, 0.9873790088154021, 0.9245172653879438, 0.8856847087542216, 0.847504661196754, 0.8134567581471943, 0.7928390772569747, 0.7425289877823421], "val_acc": [0.19940476190476192, 0.26339285714285715, 0.33779761904761907, 0.3898809523809524, 0.47470238095238093, 0.5119047619047619, 0.5342261904761905, 0.5803571428571429, 0.6011904761904762, 0.6428571428571429, 0.6696428571428571, 0.6577380952380952, 0.6815476190476191, 0.6964285714285714, 0.7217261904761905, 0.7261904761904762, 0.7395833333333334, 0.7514880952380952, 0.7514880952380952, 0.7693452380952381], "lr": [1e-05, 1e-05, 1e-05, 1e-05, 1e-05, 1e-05, 1e-05, 1e-05, 1e-05, 1e-05, 1e-05, 1e-05, 1e-05, 1e-05, 1e-05, 1e-05, 1e-05, 1e-05, 1e-05, 1e-05]}