{"train_loss": [2.1049113065242007, 1.9675209102828346, 1.681266723181072, 1.5277865295394946, 1.410664594192444, 1.2331916858134657, 1.062466595883955, 0.9503080456070543, 0.8326002860753731, 0.7163196863740254, 0.6134234856760673, 0.5409052020054684, 0.4806569843581229, 0.4139790347413393, 0.3720679250060086, 0.3436678456965436, 0.3078821801920637, 0.2686988133087493, 0.23352927721003025, 0.20268446939033374], "train_acc": [0.16682615629984052, 0.2178628389154705, 0.29473684210526313, 0.33779904306220093, 0.3939393939393939, 0.4564593301435407, 0.518341307814992, 0.5464114832535886, 0.5958532695374801, 0.6427432216905901, 0.6838915470494418, 0.7228070175438597, 0.7413078149920255, 0.784688995215311, 0.7952153110047847, 0.8022328548644339, 0.8114832535885167, 0.8440191387559809, 0.8618819776714514, 0.8791068580542265], "val_loss": [2.018042836870466, 1.7114722444897605, 1.4078119482312883, 1.4007273458299183, 1.1129364740280878, 0.9504770381110055, 0.753580439658392, 0.6808338505881173, 0.703035831451416, 0.5146285068421137, 0.4352714192299616, 0.45102058280081975, 0.3481539189815521, 0.3182531935828073, 0.29031614036787123, 0.31062236712092445, 0.2815433967681158, 0.2639786998430888, 0.18677912652492523, 0.19615274171034494], "val_acc": [0.1949404761904762, 0.31398809523809523, 0.3913690476190476, 0.38839285714285715, 0.5178571428571429, 0.5610119047619048, 0.6636904761904762, 0.6696428571428571, 0.6934523809523809, 0.7425595238095238, 0.7738095238095238, 0.7827380952380952, 0.8363095238095238, 0.8467261904761905, 0.8482142857142857, 0.8526785714285714, 0.8660714285714286, 0.8794642857142857, 0.9181547619047619, 0.8943452380952381], "lr": [0.0001, 0.0001, 0.0001, 0.0001, 0.0001, 0.0001, 0.0001, 0.0001, 0.0001, 0.0001, 0.0001, 0.0001, 0.0001, 0.0001, 0.0001, 0.0001, 0.0001, 0.0001, 0.0001, 0.0001]}