{"train_loss": [4.396212590444221, 2.4695734376162055, 2.4670533409149074, 2.46403505402889, 2.4617590653268913, 2.462320131624334, 2.4597504832527854, 2.4605154631430644, 2.459265924374643, 2.4597452801000177, 2.4589868582036507, 2.4582629169573624, 2.4584169385535866, 2.4573163168662284, 2.4554592323455324, 2.4567724944301768, 2.4555339267189233, 2.4564589584082888, 2.45297243492455, 2.456155976838472], "train_acc": [0.17862838915470494, 0.19521531100478468, 0.19521531100478468, 0.19521531100478468, 0.19521531100478468, 0.19521531100478468, 0.19521531100478468, 0.19521531100478468, 0.19521531100478468, 0.19521531100478468, 0.19521531100478468, 0.19521531100478468, 0.19521531100478468, 0.19521531100478468, 0.19521531100478468, 0.19521531100478468, 0.19521531100478468, 0.19521531100478468, 0.19521531100478468, 0.19521531100478468], "val_loss": [2.457981836228144, 2.45454208056132, 2.4554332210904075, 2.456713472093855, 2.4557089578537714, 2.4563781988053095, 2.453308548246111, 2.453297808056786, 2.4521048977261497, 2.452151593707857, 2.451989764258975, 2.4545707475571406, 2.4526937348502025, 2.4515717256636846, 2.4515191373370944, 2.4516202154613675, 2.452226684207008, 2.451507647832235, 2.4515675476619174, 2.45150021144322], "val_acc": [0.1949404761904762, 0.1949404761904762, 0.1949404761904762, 0.1949404761904762, 0.1949404761904762, 0.1949404761904762, 0.1949404761904762, 0.1949404761904762, 0.1949404761904762, 0.1949404761904762, 0.1949404761904762, 0.1949404761904762, 0.1949404761904762, 0.1949404761904762, 0.1949404761904762, 0.1949404761904762, 0.1949404761904762, 0.1949404761904762, 0.1949404761904762, 0.1949404761904762], "lr": [0.001, 0.001, 0.001, 0.001, 0.001, 0.001, 0.0005, 0.0005, 0.0005, 0.0005, 0.0005, 0.0005, 0.0005, 0.00025, 0.00025, 0.00025, 0.00025, 0.00025, 0.000125, 0.000125]}