{"train_loss": [3.455218106745913, 2.4726953484415057, 2.4682537493333103, 2.463191093326185, 2.465523243330692, 2.461736431532499, 2.535479654725849, 2.5645338022727904, 2.4778795354103926, 2.46675149325929, 2.4606535877337294, 2.4585288612846363, 2.458867795159372, 2.458441171387546, 2.451850632084994, 2.4060629702450935, 2.2875578475720957, 2.155810035510877, 2.085940879535827, 1.9587406421202032], "train_acc": [0.18118022328548644, 0.1923444976076555, 0.19393939393939394, 0.19425837320574163, 0.19585326953748006, 0.19425837320574163, 0.19362041467304625, 0.1594896331738437, 0.19138755980861244, 0.19521531100478468, 0.19521531100478468, 0.19521531100478468, 0.19521531100478468, 0.19521531100478468, 0.19649122807017544, 0.20446570972886763, 0.2704944178628389, 0.3116427432216906, 0.3141945773524721, 0.3661881977671451], "val_loss": [2.45549522127424, 2.4588235105787004, 2.4575739247458324, 2.4591044130779447, 2.453517096383231, 2.4527440184638616, 2.4798585800897506, 2.478544064930507, 2.4543136074429466, 2.4528287592388334, 2.4521998791467574, 2.447107031231835, 2.4517336118788946, 2.453133015405564, 2.444051367895944, 2.318712211790539, 2.163674763270787, 1.9905261652810233, 1.8438152018047513, 1.7142376445588612], "val_acc": [0.1949404761904762, 0.1949404761904762, 0.1949404761904762, 0.1949404761904762, 0.1949404761904762, 0.1949404761904762, 0.1949404761904762, 0.1949404761904762, 0.1949404761904762, 0.1949404761904762, 0.1949404761904762, 0.1949404761904762, 0.1949404761904762, 0.1949404761904762, 0.1949404761904762, 0.21279761904761904, 0.31845238095238093, 0.35119047619047616, 0.40029761904761907, 0.43154761904761907], "lr": [0.001, 0.001, 0.001, 0.001, 0.001, 0.001, 0.001, 0.001, 0.001, 0.001, 0.0005, 0.0005, 0.0005, 0.0005, 0.0005, 0.0005, 0.0005, 0.0005, 0.0005, 0.0005]}