{
  "no": {
    "precision": 0.9736842105263158,
    "recall": 0.9866666666666667,
    "f1-score": 0.9801324503311258,
    "support": 225.0
  },
  "yes": {
    "precision": 0.9864864864864865,
    "recall": 0.9733333333333334,
    "f1-score": 0.9798657718120806,
    "support": 225.0
  },
  "accuracy": 0.98,
  "macro avg": {
    "precision": 0.9800853485064012,
    "recall": 0.98,
    "f1-score": 0.9799991110716032,
    "support": 450.0
  },
  "weighted avg": {
    "precision": 0.9800853485064012,
    "recall": 0.98,
    "f1-score": 0.9799991110716031,
    "support": 450.0
  }
}