{"train_loss": [0.6444873164948963, 0.4348318829422905, 0.3878553135054452, 0.34335583621547333, 0.3488181187425341, 0.31288446931611924, 0.26418015857537586, 0.22177256249955724, 0.21374086499214173, 0.1949927325227431, 0.17287205690429325, 0.14242937508083525, 0.16941393386749995, 0.12821193367242814, 0.14613236736683619, 0.13082300489857082, 0.12005250890340124, 0.09009683819044204, 0.07834944286871524, 0.0745256136943187], "train_acc": [0.72, 0.8133333333333334, 0.8247619047619048, 0.8547619047619047, 0.8495238095238096, 0.8704761904761905, 0.8933333333333333, 0.910952380952381, 0.9195238095238095, 0.9271428571428572, 0.93, 0.9495238095238095, 0.9328571428571428, 0.9552380952380952, 0.9447619047619048, 0.9538095238095238, 0.9519047619047619, 0.9666666666666667, 0.9666666666666667, 0.9695238095238096], "val_loss": [0.811590373383628, 0.4623345939318339, 0.42799881789419386, 0.27747578965293035, 0.6131180307600234, 0.48560731728871664, 0.216219695409139, 0.25363363636864555, 0.44635955340332456, 0.2241537845134735, 0.19440858085950216, 0.22511103689670564, 0.1150137628449334, 0.10771909182270369, 0.0841811841726303, 0.12999318685796526, 0.08611314896080229, 0.10780774739053514, 0.14597921773791314, 0.05078364373909103], "val_acc": [0.6333333333333333, 0.7888888888888889, 0.8, 0.8955555555555555, 0.7844444444444445, 0.7911111111111111, 0.92, 0.9044444444444445, 0.8111111111111111, 0.8933333333333333, 0.9377777777777778, 0.9288888888888889, 0.9644444444444444, 0.96, 0.9644444444444444, 0.9422222222222222, 0.96, 0.9577777777777777, 0.94, 0.9822222222222222], "lr": [0.001, 0.001, 0.001, 0.001, 0.001, 0.001, 0.001, 0.001, 0.001, 0.001, 0.001, 0.001, 0.001, 0.001, 0.001, 0.001, 0.001, 0.001, 0.001, 0.0005]}