{
  "glioma": {
    "precision": 0.0,
    "recall": 0.0,
    "f1-score": 0.0,
    "support": 243.0
  },
  "healthy": {
    "precision": 0.2846299810246679,
    "recall": 1.0,
    "f1-score": 0.4431314623338257,
    "support": 300.0
  },
  "meningioma": {
    "precision": 0.0,
    "recall": 0.0,
    "f1-score": 0.0,
    "support": 247.0
  },
  "pituitary": {
    "precision": 0.0,
    "recall": 0.0,
    "f1-score": 0.0,
    "support": 264.0
  },
  "accuracy": 0.2846299810246679,
  "macro avg": {
    "precision": 0.07115749525616698,
    "recall": 0.25,
    "f1-score": 0.11078286558345643,
    "support": 1054.0
  },
  "weighted avg": {
    "precision": 0.08101422609810281,
    "recall": 0.2846299810246679,
    "f1-score": 0.12612849971551016,
    "support": 1054.0
  }
}