{"train_loss": [1.8140054689955187, 1.380375490526148, 1.383721255208536, 1.382701055027781, 1.4959756790670173, 1.3833129146023433, 1.3834345655968947, 1.3828149986422285, 1.3832455331276257, 1.383107726509926, 1.3827040443777359, 1.3830837699045875, 1.3829121137654714, 1.3827505220330956, 1.3829321307414328, 1.382826175216352, 1.3829551655844619, 1.3829832663858102, 1.382757250228677, 1.3826191136272483], "train_acc": [0.2756305939788446, 0.27990235964198534, 0.28356387306753456, 0.2847843775427177, 0.27522375915378355, 0.2847843775427177, 0.2847843775427177, 0.2847843775427177, 0.2847843775427177, 0.2847843775427177, 0.2847843775427177, 0.2847843775427177, 0.2847843775427177, 0.2847843775427177, 0.2847843775427177, 0.2847843775427177, 0.2847843775427177, 0.2847843775427177, 0.2847843775427177, 0.2847843775427177], "val_loss": [1.3838233111137905, 1.383977762427878, 1.382872333214154, 15.342630083857552, 1.382794030031927, 1.3827277289496527, 1.3827434085373185, 1.3827219105627235, 1.3827225028732677, 1.382722518835765, 1.382720103743862, 1.3827243120695225, 1.3827285406596301, 1.3827291578761987, 1.3827234118299494, 1.3827215241797177, 1.3827254589919464, 1.3827275616264525, 1.3827273160756937, 1.3827240458014798], "val_acc": [0.2849002849002849, 0.2849002849002849, 0.2849002849002849, 0.2849002849002849, 0.2849002849002849, 0.2849002849002849, 0.2849002849002849, 0.2849002849002849, 0.2849002849002849, 0.2849002849002849, 0.2849002849002849, 0.2849002849002849, 0.2849002849002849, 0.2849002849002849, 0.2849002849002849, 0.2849002849002849, 0.2849002849002849, 0.2849002849002849, 0.2849002849002849, 0.2849002849002849], "lr": [0.001, 0.001, 0.001, 0.001, 0.001, 0.001, 0.001, 0.001, 0.001, 0.001, 0.0005, 0.0005, 0.0005, 0.0005, 0.00025, 0.00025, 0.00025, 0.00025, 0.000125, 0.000125]}