{"train_loss": [1.9529155377356187, 1.4141348250228472, 1.3841228072870253, 1.3834494991550803, 1.3833307078255201, 1.3831363752472197, 1.3833628981165813, 1.3831207698879444, 1.3830665841735021, 1.38318099909628, 1.3828655706371498, 1.3830316732141232, 1.3832599111841013, 1.3830239786376208, 1.3831812970710053, 1.382917769271441, 1.3827696312143125, 1.3828931009022563, 1.3827045194689485, 1.382896381728139], "train_acc": [0.2790886899918633, 0.2805126118795769, 0.2847843775427177, 0.2847843775427177, 0.2847843775427177, 0.2847843775427177, 0.2847843775427177, 0.2847843775427177, 0.2847843775427177, 0.2847843775427177, 0.2847843775427177, 0.2847843775427177, 0.2847843775427177, 0.2847843775427177, 0.2847843775427177, 0.2847843775427177, 0.2847843775427177, 0.2847843775427177, 0.2847843775427177, 0.2847843775427177], "val_loss": [1.386359216480853, 1.3832897007861595, 1.3832818135010665, 1.3827936624416486, 1.3827289509297775, 1.3827687869837255, 1.382925122778187, 1.3827475756548295, 1.3827584954748127, 1.3827617291824543, 1.3827499274627888, 1.3827273076982127, 1.3827387592618168, 1.3827394454227893, 1.382735925861913, 1.3827315510055165, 1.3827276529862784, 1.382729662902448, 1.3827214068949845, 1.3827228421612456], "val_acc": [0.24976258309591642, 0.2849002849002849, 0.2849002849002849, 0.2849002849002849, 0.2849002849002849, 0.2849002849002849, 0.2849002849002849, 0.2849002849002849, 0.2849002849002849, 0.2849002849002849, 0.2849002849002849, 0.2849002849002849, 0.2849002849002849, 0.2849002849002849, 0.2849002849002849, 0.2849002849002849, 0.2849002849002849, 0.2849002849002849, 0.2849002849002849, 0.2849002849002849], "lr": [0.001, 0.001, 0.001, 0.001, 0.001, 0.001, 0.001, 0.001, 0.0005, 0.0005, 0.0005, 0.0005, 0.00025, 0.00025, 0.00025, 0.00025, 0.000125, 0.000125, 0.000125, 0.000125]}