{
  "Astrocitoma": {
    "precision": 0.7419354838709677,
    "recall": 0.7931034482758621,
    "f1-score": 0.7666666666666667,
    "support": 87.0
  },
  "Carcinoma": {
    "precision": 0.9666666666666667,
    "recall": 0.7837837837837838,
    "f1-score": 0.8656716417910447,
    "support": 37.0
  },
  "Ependimoma": {
    "precision": 0.47058823529411764,
    "recall": 0.7272727272727273,
    "f1-score": 0.5714285714285714,
    "support": 22.0
  },
  "Ganglioglioma": {
    "precision": 1.0,
    "recall": 0.6666666666666666,
    "f1-score": 0.8,
    "support": 9.0
  },
  "Germinoma": {
    "precision": 0.8888888888888888,
    "recall": 0.5333333333333333,
    "f1-score": 0.6666666666666666,
    "support": 15.0
  },
  "Glioblastoma": {
    "precision": 0.9166666666666666,
    "recall": 0.7096774193548387,
    "f1-score": 0.8,
    "support": 31.0
  },
  "Granuloma": {
    "precision": 1.0,
    "recall": 0.6666666666666666,
    "f1-score": 0.8,
    "support": 12.0
  },
  "Meduloblastoma": {
    "precision": 1.0,
    "recall": 0.75,
    "f1-score": 0.8571428571428571,
    "support": 20.0
  },
  "Meningioma": {
    "precision": 0.6820809248554913,
    "recall": 0.9007633587786259,
    "f1-score": 0.7763157894736842,
    "support": 131.0
  },
  "Neurocitoma": {
    "precision": 0.9838709677419355,
    "recall": 0.8840579710144928,
    "f1-score": 0.9312977099236641,
    "support": 69.0
  },
  "Oligodendroglioma": {
    "precision": 0.9047619047619048,
    "recall": 0.5757575757575758,
    "f1-score": 0.7037037037037037,
    "support": 33.0
  },
  "Papiloma": {
    "precision": 1.0,
    "recall": 0.8055555555555556,
    "f1-score": 0.8923076923076924,
    "support": 36.0
  },
  "Schwannoma": {
    "precision": 0.863013698630137,
    "recall": 0.9,
    "f1-score": 0.8811188811188811,
    "support": 70.0
  },
  "Tuberculoma": {
    "precision": 0.7142857142857143,
    "recall": 0.6818181818181818,
    "f1-score": 0.6976744186046512,
    "support": 22.0
  },
  "_NORMAL": {
    "precision": 0.8783783783783784,
    "recall": 0.8333333333333334,
    "f1-score": 0.8552631578947368,
    "support": 78.0
  },
  "accuracy": 0.8080357142857143,
  "macro avg": {
    "precision": 0.8674091686693913,
    "recall": 0.747452668107443,
    "f1-score": 0.7910171837815214,
    "support": 672.0
  },
  "weighted avg": {
    "precision": 0.8350499908619435,
    "recall": 0.8080357142857143,
    "f1-score": 0.8111369512128755,
    "support": 672.0
  }
}