{
  "Astrocitoma": {
    "precision": 0.7959183673469388,
    "recall": 0.896551724137931,
    "f1-score": 0.8432432432432433,
    "support": 87.0
  },
  "Carcinoma": {
    "precision": 1.0,
    "recall": 0.8648648648648649,
    "f1-score": 0.927536231884058,
    "support": 37.0
  },
  "Ependimoma": {
    "precision": 0.9444444444444444,
    "recall": 0.7727272727272727,
    "f1-score": 0.85,
    "support": 22.0
  },
  "Ganglioglioma": {
    "precision": 1.0,
    "recall": 0.6666666666666666,
    "f1-score": 0.8,
    "support": 9.0
  },
  "Germinoma": {
    "precision": 0.9285714285714286,
    "recall": 0.8666666666666667,
    "f1-score": 0.896551724137931,
    "support": 15.0
  },
  "Glioblastoma": {
    "precision": 0.9,
    "recall": 0.8709677419354839,
    "f1-score": 0.8852459016393442,
    "support": 31.0
  },
  "Granuloma": {
    "precision": 1.0,
    "recall": 0.6666666666666666,
    "f1-score": 0.8,
    "support": 12.0
  },
  "Meduloblastoma": {
    "precision": 0.9473684210526315,
    "recall": 0.9,
    "f1-score": 0.9230769230769231,
    "support": 20.0
  },
  "Meningioma": {
    "precision": 0.8656716417910447,
    "recall": 0.8854961832061069,
    "f1-score": 0.8754716981132076,
    "support": 131.0
  },
  "Neurocitoma": {
    "precision": 0.9104477611940298,
    "recall": 0.8840579710144928,
    "f1-score": 0.8970588235294118,
    "support": 69.0
  },
  "Oligodendroglioma": {
    "precision": 0.8333333333333334,
    "recall": 0.6060606060606061,
    "f1-score": 0.7017543859649122,
    "support": 33.0
  },
  "Papiloma": {
    "precision": 0.9459459459459459,
    "recall": 0.9722222222222222,
    "f1-score": 0.958904109589041,
    "support": 36.0
  },
  "Schwannoma": {
    "precision": 0.8947368421052632,
    "recall": 0.9714285714285714,
    "f1-score": 0.9315068493150684,
    "support": 70.0
  },
  "Tuberculoma": {
    "precision": 0.85,
    "recall": 0.7727272727272727,
    "f1-score": 0.8095238095238095,
    "support": 22.0
  },
  "_NORMAL": {
    "precision": 0.8426966292134831,
    "recall": 0.9615384615384616,
    "f1-score": 0.8982035928143712,
    "support": 78.0
  },
  "accuracy": 0.8794642857142857,
  "macro avg": {
    "precision": 0.9106089876665695,
    "recall": 0.8372428594575524,
    "f1-score": 0.8665384861887547,
    "support": 672.0
  },
  "weighted avg": {
    "precision": 0.8833905747971349,
    "recall": 0.8794642857142857,
    "f1-score": 0.8777836569580447,
    "support": 672.0
  }
}