{"train_loss": [2.3957958493696636, 1.8377302172461576, 1.6884344216168783, 1.6174587959307802, 1.562539637183839, 1.4224804971016576, 1.3686138838672182, 1.2989127798894187, 1.216419176013466, 1.1990738852362504, 1.1396467462871254, 1.1303644960766963, 1.0891617788272232, 1.1029149426988056, 1.1083035974221176, 0.9686757403317441, 0.9854856910507835, 0.9613932259155042, 0.9823475266187385, 0.9307991804118362], "train_acc": [0.2539074960127592, 0.44593301435406696, 0.5212121212121212, 0.5502392344497608, 0.5751196172248804, 0.6105263157894737, 0.6137161084529505, 0.6440191387559808, 0.6618819776714514, 0.6743221690590112, 0.6838915470494418, 0.6870813397129186, 0.6982456140350877, 0.7081339712918661, 0.70207336523126, 0.7269537480063796, 0.7263157894736842, 0.7403508771929824, 0.7384370015948963, 0.7527910685805422], "val_loss": [1.7150055908021473, 1.3816204837390356, 1.2924032012621562, 1.1848168004126776, 1.134923625560034, 1.060074079604376, 1.0590651432673137, 1.0978032804670788, 0.9237001609234583, 0.9226116339365641, 0.9044430199123564, 0.7990342690831139, 0.8734937423751468, 0.7799453948225293, 0.7774533203669957, 0.7422327129613786, 0.6811703280324027, 0.7344695812179929, 0.6867950033573877, 0.733024272180739], "val_acc": [0.44345238095238093, 0.5699404761904762, 0.5892857142857143, 0.6220238095238095, 0.6711309523809523, 0.6741071428571429, 0.6979166666666666, 0.7038690476190477, 0.75, 0.7276785714285714, 0.7485119047619048, 0.7514880952380952, 0.7559523809523809, 0.7886904761904762, 0.7857142857142857, 0.7946428571428571, 0.8125, 0.7752976190476191, 0.8169642857142857, 0.7767857142857143], "lr": [0.001, 0.001, 0.001, 0.001, 0.001, 0.001, 0.001, 0.001, 0.001, 0.001, 0.001, 0.001, 0.001, 0.001, 0.001, 0.001, 0.001, 0.001, 0.001, 0.001]}