{"train_loss": [2.111506034426712, 1.3579672361675061, 1.2048855487999923, 1.0665239709416074, 0.9508774204687639, 0.9034534835549253, 0.8113226470574618, 0.7522966052926898, 0.7085344417623736, 0.67206328938072, 0.6802934357233975, 0.6088219371899083, 0.5876975549655288, 0.5625896069041469, 0.5618768152247585, 0.5515387411513016, 0.5235054846965905, 0.5126884639548343, 0.40345433369587863, 0.3643841739571646], "train_acc": [0.39617224880382773, 0.5690590111642744, 0.6185007974481659, 0.6542264752791068, 0.6896331738437002, 0.7097288676236044, 0.7314194577352472, 0.743859649122807, 0.7671451355661882, 0.7674641148325358, 0.769377990430622, 0.7952153110047847, 0.8035087719298246, 0.8159489633173844, 0.8175438596491228, 0.8143540669856459, 0.826475279106858, 0.8341307814992025, 0.8647527910685805, 0.8759170653907496], "val_loss": [1.2747265582992917, 1.004189738205501, 0.9374049277532668, 0.8055177728335062, 0.7426165356522515, 0.6941173417227608, 0.7192323051747822, 0.6767055321307409, 0.5734116051878247, 0.5275138141143889, 0.6432544546467918, 0.5469512272448767, 0.5420531786623455, 0.4745614727338155, 0.4912349383036296, 0.5287542988856634, 0.48913864436603727, 0.5373807925553549, 0.43993188795589266, 0.42445955780290423], "val_acc": [0.6071428571428571, 0.6770833333333334, 0.6904761904761905, 0.7276785714285714, 0.7633928571428571, 0.7648809523809523, 0.7619047619047619, 0.7872023809523809, 0.8244047619047619, 0.8258928571428571, 0.8005952380952381, 0.8184523809523809, 0.8303571428571429, 0.8482142857142857, 0.8363095238095238, 0.8467261904761905, 0.8541666666666666, 0.8392857142857143, 0.8705357142857143, 0.8675595238095238], "lr": [0.001, 0.001, 0.001, 0.001, 0.001, 0.001, 0.001, 0.001, 0.001, 0.001, 0.001, 0.001, 0.001, 0.001, 0.001, 0.001, 0.001, 0.001, 0.0005, 0.0005]}