{
  "glioma": {
    "precision": 0.9623430962343096,
    "recall": 0.9465020576131687,
    "f1-score": 0.9543568464730291,
    "support": 243.0
  },
  "healthy": {
    "precision": 0.9832775919732442,
    "recall": 0.98,
    "f1-score": 0.9816360601001669,
    "support": 300.0
  },
  "meningioma": {
    "precision": 0.92578125,
    "recall": 0.9595141700404858,
    "f1-score": 0.9423459244532804,
    "support": 247.0
  },
  "pituitary": {
    "precision": 0.9884615384615385,
    "recall": 0.9734848484848485,
    "f1-score": 0.9809160305343512,
    "support": 264.0
  },
  "accuracy": 0.9658444022770398,
  "macro avg": {
    "precision": 0.9649658691672731,
    "recall": 0.9648752690346257,
    "f1-score": 0.9648137153902069,
    "support": 1054.0
  },
  "weighted avg": {
    "precision": 0.966275583378327,
    "recall": 0.9658444022770398,
    "f1-score": 0.9659590200417695,
    "support": 1054.0
  }
}