{"train_loss": [0.939371719022802, 0.6589560927754985, 0.5308469328529181, 0.4170613822969021, 0.37127934096788756, 0.2896700717745223, 0.2965336362941174, 0.24351268218628655, 0.2363548003397791, 0.20969249554239122, 0.19978642361079463, 0.20159293662686964, 0.16745183069753006, 0.14879572206003283, 0.09404739256579947, 0.09014786215934015, 0.08017750296884188, 0.0706119093319524, 0.07311297416462706, 0.07396543199352562], "train_acc": [0.6043531326281529, 0.7306753458096013, 0.7902766476810414, 0.8405207485760781, 0.8614727420667209, 0.8970707892595606, 0.8903580146460537, 0.9131407648494712, 0.910699755899105, 0.919446704637917, 0.9279902359641985, 0.9298209926769732, 0.9410089503661514, 0.9479251423921887, 0.9662327095199349, 0.9705044751830757, 0.9715215622457283, 0.974979658258747, 0.9741659886086249, 0.9751830756712775], "val_loss": [0.6880333713996105, 0.47544072136806514, 0.4324666425543293, 0.35648912542339517, 0.2493306351126882, 0.2764325717717041, 0.18631033077199236, 0.5452755036120854, 0.16895535452413424, 0.12758659989575716, 0.2699424431987411, 0.13295053740200946, 0.12957643252308326, 0.17981567953386876, 0.07137903951441008, 0.07040613431992948, 0.06394403415191689, 0.07724346674479905, 0.06931148947933857, 0.1316755058280133], "val_acc": [0.7065527065527065, 0.8072174738841406, 0.8404558404558404, 0.8708452041785375, 0.9040835707502374, 0.9069325735992403, 0.9373219373219374, 0.8452041785375118, 0.929724596391263, 0.9515669515669516, 0.9135802469135802, 0.9477682811016145, 0.9506172839506173, 0.9458689458689459, 0.9781576448243114, 0.9686609686609686, 0.9772079772079773, 0.9781576448243114, 0.97340930674264, 0.9629629629629629], "lr": [0.001, 0.001, 0.001, 0.001, 0.001, 0.001, 0.001, 0.001, 0.001, 0.001, 0.001, 0.001, 0.001, 0.001, 0.0005, 0.0005, 0.0005, 0.0005, 0.0005, 0.0005]}