{
  "glioma": {
    "precision": 0.9551020408163265,
    "recall": 0.9629629629629629,
    "f1-score": 0.9590163934426229,
    "support": 243.0
  },
  "healthy": {
    "precision": 0.9965870307167235,
    "recall": 0.9733333333333334,
    "f1-score": 0.984822934232715,
    "support": 300.0
  },
  "meningioma": {
    "precision": 0.9354838709677419,
    "recall": 0.9392712550607287,
    "f1-score": 0.9373737373737374,
    "support": 247.0
  },
  "pituitary": {
    "precision": 0.9626865671641791,
    "recall": 0.9772727272727273,
    "f1-score": 0.9699248120300752,
    "support": 264.0
  },
  "accuracy": 0.9639468690702088,
  "macro avg": {
    "precision": 0.9624648774162428,
    "recall": 0.9632100696574382,
    "f1-score": 0.9627844692697876,
    "support": 1054.0
  },
  "weighted avg": {
    "precision": 0.9642122153640985,
    "recall": 0.9639468690702088,
    "f1-score": 0.9640221322425283,
    "support": 1054.0
  }
}