{"train_loss": [0.8719549814892359, 0.6658211586628627, 0.550426309820692, 0.518675776203053, 0.43273926295334, 0.3904492663502984, 0.2960431999651953, 0.27137183531985426, 0.24219225243982792, 0.22882390672157604, 0.1938359037078038, 0.17582764635976492, 0.12837415570476562, 0.11473307350576166, 0.10595503616153563, 0.09910392945524732, 0.09214589477458361, 0.09318587832922758, 0.09765069577706549, 0.08486205546459694], "train_acc": [0.6391375101708706, 0.71826688364524, 0.7725793327908869, 0.7969894222945484, 0.8338079739625712, 0.8492676973148902, 0.8860862489829129, 0.8997152156224573, 0.9121236777868186, 0.9165988608624899, 0.9332790886899919, 0.9395850284784377, 0.9538242473555736, 0.9566720911310008, 0.9631814483319772, 0.9650122050447518, 0.9688771358828315, 0.967860048820179, 0.9619609438567941, 0.9731489015459723], "val_loss": [0.6972693231483923, 0.8988810646907557, 0.48242883985651636, 0.6033020231232458, 0.9516467887338637, 0.43339854003357414, 0.3175811956637492, 0.2032180568601331, 0.29166678686653674, 0.21694490375795028, 0.290112415609876, 0.26876208002184643, 0.1300245219203029, 0.10382950284711995, 0.09442154375406411, 0.14761903986745184, 0.08664035800480038, 0.13344876843187092, 0.22725075709740547, 0.09327465325155262], "val_acc": [0.6875593542260209, 0.6457739791073125, 0.7939221272554606, 0.7454890788224121, 0.6628679962013295, 0.8480531813865148, 0.8955365622032289, 0.9335232668566001, 0.8869895536562203, 0.929724596391263, 0.9002849002849003, 0.905982905982906, 0.956315289648623, 0.9648622981956315, 0.9601139601139601, 0.9506172839506173, 0.9772079772079773, 0.9639126305792972, 0.9240265906932573, 0.9677113010446344], "lr": [0.001, 0.001, 0.001, 0.001, 0.001, 0.001, 0.001, 0.001, 0.001, 0.001, 0.001, 0.001, 0.0005, 0.0005, 0.0005, 0.0005, 0.0005, 0.0005, 0.0005, 0.0005]}