{"train_loss": [0.6205997092383249, 0.49305911614781334, 0.41486622671286266, 0.3849815309615362, 0.31444614217394873, 0.2738517011631103, 0.2404316877325376, 0.21730444016910735, 0.1895649938923972, 0.18034104852449326, 0.15359473895458947, 0.1458922066575005, 0.1650170050632386, 0.12767718684105647, 0.1260228119861512, 0.13004822801975977, 0.08717862442313205, 0.06828989473836762, 0.05691805987131028, 0.05782594566455199], "train_acc": [0.6757142857142857, 0.7542857142857143, 0.8052380952380952, 0.8323809523809523, 0.8728571428571429, 0.8890476190476191, 0.9085714285714286, 0.910952380952381, 0.9319047619047619, 0.930952380952381, 0.9438095238095238, 0.9385714285714286, 0.9361904761904762, 0.9571428571428572, 0.9533333333333334, 0.9576190476190476, 0.9661904761904762, 0.9761904761904762, 0.9804761904761905, 0.9780952380952381], "val_loss": [1.5891487794452244, 0.46675910340415105, 0.422337308327357, 0.2928147015968959, 0.3627843334939745, 0.27116775698131984, 0.2517390912108951, 0.2273687696042988, 0.23753398371653425, 0.2078798598382208, 0.18355853488047918, 0.107874820249983, 0.15203141391898195, 0.18738217704825932, 0.15912019917948378, 0.11721645598610242, 0.10265359234478738, 0.09098644786410862, 0.11293362778921923, 0.061481696964345044], "val_acc": [0.5, 0.7622222222222222, 0.8133333333333334, 0.8755555555555555, 0.8555555555555555, 0.8911111111111111, 0.8933333333333333, 0.9111111111111111, 0.92, 0.9066666666666666, 0.9422222222222222, 0.9533333333333334, 0.96, 0.9355555555555556, 0.9444444444444444, 0.9555555555555556, 0.9688888888888889, 0.98, 0.9644444444444444, 0.9822222222222222], "lr": [0.001, 0.001, 0.001, 0.001, 0.001, 0.001, 0.001, 0.001, 0.001, 0.001, 0.001, 0.001, 0.001, 0.001, 0.001, 0.001, 0.0005, 0.0005, 0.0005, 0.0005]}